tweet_id,search_keyword,text,created_at,author_id,author_name,author_handle,view_count,like_count,retweet_count,reply_count,url,lang,is_retweet,last_updated,country,media_url
2034113420858147041,뷰티캠,뷰티캠 얼굴설정 한명밖에안돼서 친구랑 셀카찍을때마다 일케됨 씨바 ㅠ,Wed Mar 18 03:43:26 +0000 2026,2007023842183815168,메리,mellllgn,311,0,0,0,https://x.com/mellllgn/status/2034113420858147041,ko,False,2026-03-23 01:10:55,🇰🇷 한국,
2035625643438903658,뷰티캠,"와.....
영통팬싸 팬 쪽은 뷰티캠 켤 방법이없어?
그냥 뒤에서 친구들한테 반사판들어달라그러고 파우더 반 통 덮어서 자체블러해야돼??",Sun Mar 22 07:52:28 +0000 2026,1776118027257552896,HARIBO_2.5,haribo_stage,137,2,0,1,https://x.com/haribo_stage/status/2035625643438903658,ko,False,2026-03-23 01:10:55,🇰🇷 한국,
2035468005183008796,메이투,@_yaoxia 저 그럼 다음에 여쭤보러가도대나요/// 아직 메이투 유료결제 기간이 남아서 넘어가게된다면 령님의 도움을…🤍,Sat Mar 21 21:26:04 +0000 2026,1945641339884093440,단,DNCELE_,35,0,0,1,https://x.com/DNCELE_/status/2035468005183008796,ko,False,2026-03-23 01:10:42,🇰🇷 한국,
2035049103584116774,메이투,"메이투 ㅈㄴ뽕뽑아.
130000원어치사용해야돼지금",Fri Mar 20 17:41:30 +0000 2026,1597243170613784578,말랑이2세🧌,mhyk1ove,100,1,0,0,https://x.com/mhyk1ove/status/2035049103584116774,ko,False,2026-03-23 01:10:42,🇰🇷 한국,
2035064562664579276,메이투,"근데 나 메이투 유료기능도 별로 안쓰는데 환불못받겠지
당연히못받겟지시발아방금너무거지같았어",Fri Mar 20 18:42:56 +0000 2026,1995270216083996672,나윤이,tiny5363,61,0,0,0,https://x.com/tiny5363/status/2035064562664579276,ko,False,2026-03-23 01:10:42,🇰🇷 한국,
2035192303179153588,메이투,"#광고

대전 카페 중앙다방 갔다 온 사진에다가 메이투 버터크림 필터 적용했는데 너무 찰떡임 필카 느낌 남!!

#메이투 #보정 #필터 #버터필터 #사진 #감성 https://t.co/7ZUhjtlCme",Sat Mar 21 03:10:31 +0000 2026,2027945863981764610,티드,JurigaMire86173,80,0,0,0,https://x.com/JurigaMire86173/status/2035192303179153588,ko,False,2026-03-23 01:10:42,🇰🇷 한국,https://pbs.twimg.com/media/HD50nVEboAIImgP.jpg
2035197858660720959,메이투,"51. 자주 쓰는 어플

유튜브, 트위터, 메이투, 틱톡, 코넥트, 인스타

정도?",Sat Mar 21 03:32:36 +0000 2026,1967027954552369157,낙사데미지 /3부코 양일,Fall_damage_22,60,0,0,1,https://x.com/Fall_damage_22/status/2035197858660720959,ko,False,2026-03-23 01:10:42,🇰🇷 한국,
2035217007147458861,메이투,"메이투..mz샷 사용해봤어…✌🏻

메이투앱 - 스폐셜기능 - mz샷 https://t.co/0XjLvpmFBt",Sat Mar 21 04:48:41 +0000 2026,2026691711469236231,어진희,ClaireAdam36221,25,0,0,0,https://x.com/ClaireAdam36221/status/2035217007147458861,ko,False,2026-03-23 01:10:42,🇰🇷 한국,https://pbs.twimg.com/media/HD6LCxxbYAAIHuO.jpg
2035298413089284121,메이투,"나 헤어모델 사진제충해야돼서 (무슨과제같누) 오랜만에 메이투 켯는데
이거참좋은 어플이네요 왜안하규살앗지?",Sat Mar 21 10:12:10 +0000 2026,1991044461716205568,은래를살려,little__mn__,83,1,0,0,https://x.com/little__mn__/status/2035298413089284121,ko,False,2026-03-23 01:10:42,🇰🇷 한국,
2035302291331494195,메이투,"메이투라는거 인생처음깔아봣는데
이렇게깎다가 이렇게하면씨잼죽죠 얼굴 돼서 
삭제함",Sat Mar 21 10:27:34 +0000 2026,2032073004616925184,김집휘네이션2,gimjibjib22678,165,2,0,0,https://x.com/gimjibjib22678/status/2035302291331494195,ko,False,2026-03-23 01:10:42,🇰🇷 한국,
2035316054751391939,메이투,애플뮤직이랑색깔똑같아서 착각하고메이투들어감ㅜㅜ왜귀보정하려고? ㅅㅂ https://t.co/4uKnsSafwN,Sat Mar 21 11:22:16 +0000 2026,1966869469516451840,마초떡,ggjwuu,738,13,1,2,https://x.com/ggjwuu/status/2035316054751391939,ko,False,2026-03-23 01:10:42,🇰🇷 한국,https://pbs.twimg.com/media/HD7lKfzaEAAmqy5.jpg
2035355762432852162,메이투,@jianii_1 @xleexmio 어머낫🫶🏻(메이투 출신),Sat Mar 21 14:00:03 +0000 2026,2016376683180564481,큐베,qbebeS2,44,0,0,0,https://x.com/qbebeS2/status/2035355762432852162,ko,False,2026-03-23 01:10:42,🇰🇷 한국,
2035390012968386810,메이투,메이투: 주인니이이이임... 이젠 정말 한계예요..,Sat Mar 21 16:16:09 +0000 2026,1993958588805730308,rosyae,rosyae_,233,1,0,1,https://x.com/rosyae_/status/2035390012968386810,ko,False,2026-03-23 01:10:42,🇰🇷 한국,
2035390296922698161,메이투,"진짜 찐으로 잘 쓰고 있는 메이투
Ai 행인 지우기 기능 🫶🏻
요즘 제 사진 깔끔한거 다 이거 덕분이에요....✨(진짜임)
아이폰 기본 지우기 보다 훨씬~
자연스럽게 지워줌!! 꼭 써보기🫶🏻 https://t.co/iVZ9kfDVzd",Sat Mar 21 16:17:17 +0000 2026,2023431569684180993,구사자 (김정아) 🇰🇷,hall_stell45084,14,0,0,0,https://x.com/hall_stell45084/status/2035390296922698161,ko,False,2026-03-23 01:10:42,🇰🇷 한국,https://pbs.twimg.com/media/HD8opwKaAAEJSbU.jpg
2035551826398138539,메이투,@yuiiii321 메이투 결제의 힘임,Sun Mar 22 02:59:08 +0000 2026,1824595829816168448,븐개,beun_gae,27,0,0,1,https://x.com/beun_gae/status/2035551826398138539,ko,False,2026-03-23 01:10:42,🇰🇷 한국,
2035035048618168698,메이투,"요즘 진짜 메이투 결제할까 고민하게됨
플래시 &lt; 이게 ㄹㅇ 씹사기같아 https://t.co/k40QCCoQAT",Fri Mar 20 16:45:39 +0000 2026,1597243170613784578,말랑이2세🧌,mhyk1ove,276,3,0,2,https://x.com/mhyk1ove/status/2035035048618168698,ko,False,2026-03-23 01:10:42,🇰🇷 한국,https://pbs.twimg.com/media/HD3llfbagAAYGYL.jpg
2035564998131692030,메이투,@x0x3_n 메이투 보정을 얼마나 한거임,Sun Mar 22 03:51:29 +0000 2026,2020875819808415744,덩실,deongsilx2,59,0,0,0,https://x.com/deongsilx2/status/2035564998131692030,ko,False,2026-03-23 01:10:42,🇰🇷 한국,
2035579516450652615,메이투,"뭐야 이거 메이투 보정앱아녔음??
나 아민거 어케알고!! https://t.co/9DSykMmrDj",Sun Mar 22 04:49:10 +0000 2026,1945027058662563841,찐찐,saumie89,90,5,0,0,https://x.com/saumie89/status/2035579516450652615,ko,False,2026-03-23 01:10:42,🇰🇷 한국,https://pbs.twimg.com/media/HD_UyBOaYAEjpmI.jpg
2035620441189240960,메이투,이번 촬영회때 마린 가발이 개털처럼 파사사삭 날려서 보정으로 최대한 지우다가 메이투 날라갈뻔햇어. 나 눈물 날뻔햇어,Sun Mar 22 07:31:47 +0000 2026,1531863504738975744,햇뇽 (ᓀ‸ᓂ),hae_nyong_,109,4,0,0,https://x.com/hae_nyong_/status/2035620441189240960,ko,False,2026-03-23 01:10:42,🇰🇷 한국,
2035633615560945794,메이투,@lexn0nme 6s로 찍고 메이투 2시간하면 됨,Sun Mar 22 08:24:08 +0000 2026,2020844121456513025,동굴,b1gwao,276,2,0,0,https://x.com/b1gwao/status/2035633615560945794,ko,False,2026-03-23 01:10:42,🇰🇷 한국,
2035707014891098269,메이투,@s1soooo 왕홍체험 메이투 AI라 쌤도 하실 수 있어용！！ 결혼갈겨요🤭,Sun Mar 22 13:15:48 +0000 2026,1966274636506869766,캣,Meerkat_cos,21,1,0,1,https://x.com/Meerkat_cos/status/2035707014891098269,ko,False,2026-03-23 01:10:42,🇰🇷 한국,
2035717972187312254,메이투,메이투 ai돌린것같음,Sun Mar 22 13:59:21 +0000 2026,1994434100665724928,🦭,ynri1128,49,1,0,0,https://x.com/ynri1128/status/2035717972187312254,ko,False,2026-03-23 01:10:42,🇰🇷 한국,
2035718783466410357,메이투,어떻게사람이 메이투 ai생성처럼 생기지 https://t.co/HuDTR6vyrU,Sun Mar 22 14:02:34 +0000 2026,2001178740995588096,ahn keonho make it high,bloodshoteyes29,9,0,0,0,https://x.com/bloodshoteyes29/status/2035718783466410357,ko,False,2026-03-23 01:10:42,🇰🇷 한국,https://pbs.twimg.com/media/HEBTcY4aQAATNtF.jpg
2035725197492551726,메이투,@rinxxonsw 나만의 제 2의 어머니 메이투….,Sun Mar 22 14:28:03 +0000 2026,2030909889124675584,min,minnqxx,16,0,0,0,https://x.com/minnqxx/status/2035725197492551726,ko,False,2026-03-23 01:10:42,🇰🇷 한국,
2035762738992206167,메이투,"?? : 나 메이투로 보정해 줘
ㄴ 저는 메이투를 안 쓰는데도…

?? : 그럼 저는 입술만 칠해주세요
ㄴ 저 메이투 안 쓴다코요… https://t.co/wNIRCYjeAp",Sun Mar 22 16:57:14 +0000 2026,1945483485877239811,",",lxvyxnxcxp,24,0,0,0,https://x.com/lxvyxnxcxp/status/2035762738992206167,ko,False,2026-03-23 01:10:42,🇰🇷 한국,https://pbs.twimg.com/media/HEB7a8WbAAA6ArW.jpg
2035854404306583926,메이투,메이투에서도 저렇게까지 보정하면 욕먹어,Sun Mar 22 23:01:28 +0000 2026,1961484357266501633,하나,hxxx_zx,73,1,0,0,https://x.com/hxxx_zx/status/2035854404306583926,ko,False,2026-03-23 01:10:42,🇰🇷 한국,
2035047604518887590,메이투,"하 아니 나 구글프사 (약 6-7년째) 이거 쓰다가 얼마전에 다른걸로 바꿧는데 메이투 로그인하니까 또 이걸로 뜸...
ㄷㅈ야겠다 https://t.co/j7fdWPmcL9",Fri Mar 20 17:35:32 +0000 2026,1597243170613784578,말랑이2세🧌,mhyk1ove,244,6,0,1,https://x.com/mhyk1ove/status/2035047604518887590,ko,False,2026-03-23 01:10:42,🇰🇷 한국,https://pbs.twimg.com/media/HD3xAquboAMI3eT.jpg
2035364182544228504,메이투,"메이투 피부톤+100, 피부결+100, 머리작게+100, 매끈하게+100, 주름제거+100, 잡티제거+100 https://t.co/iIqM6wg65W",Sat Mar 21 14:33:31 +0000 2026,1447199584439058434,💕,shyam1ove,421,9,0,0,https://x.com/shyam1ove/status/2035364182544228504,ko,False,2026-03-23 01:10:42,🇰🇷 한국,https://pbs.twimg.com/media/HD8Q7uDakAA9dbG.jpg
2034990992643039616,메이투,메이투당장켴ㅋㅋ🤍🤍🧈🫧,Fri Mar 20 13:50:35 +0000 2026,1762353629321887744,♡,itudiye,252,2,0,0,https://x.com/itudiye/status/2034990992643039616,ko,False,2026-03-23 01:10:42,🇰🇷 한국,
2034581507617292485,메이투,나는 메이투 매끈하게 100 해야 이거 반정도 나옴,Thu Mar 19 10:43:26 +0000 2026,1997339722629500928,고구마,Xekspcw,632,0,0,0,https://x.com/Xekspcw/status/2034581507617292485,ko,False,2026-03-23 01:10:42,🇰🇷 한국,
2034990371642704243,메이투,"#광고 @meitu_kr 
team갈발넴들은 버터크림 꼬옥 써보세요
사진찍을때마다 흑발처럼 보이던 머리가 원래 내머리색+더예쁜갈발로 나옴,,💛 https://t.co/NRl2C4Q98I",Fri Mar 20 13:48:07 +0000 2026,1367083652748742657,𝓂ℯ𝓁𝓁,room7O8,9237,74,14,1,https://x.com/room7O8/status/2034990371642704243,ko,False,2026-03-23 01:10:42,🇰🇷 한국,https://pbs.twimg.com/media/HD289JLboAovr7_.jpg
2034267316737999291,메이투,@cloud_bingsu 다른 분들은 모르겠지만 전 메이투 써요! 맨들맨들한 솜깅이를 만들 수 있습니다 👍,Wed Mar 18 13:54:57 +0000 2026,1409130892065341441,에,ehhhhhhhhii,37,0,0,1,https://x.com/ehhhhhhhhii/status/2034267316737999291,ko,False,2026-03-23 01:10:42,🇰🇷 한국,
2034268774413836686,메이투,@ehhhhhhhhii 습 메이투... 오케이 메모완료. 다음에 써봐야겠더요!! 감사합니다🥰 근데 한가지 궁금해진 것.. 일전의 어바등 철사인형들도 메이투로 후보정하셔서 올린건지..? ㅋㅋㅋㅎ,Wed Mar 18 14:00:45 +0000 2026,1110082092937797637,구빙수,cloud_bingsu,35,0,0,1,https://x.com/cloud_bingsu/status/2034268774413836686,ko,False,2026-03-23 01:10:42,🇰🇷 한국,
2034276304745570694,메이투,요즘 메이투 딸깍 재밌어서 새코스 안하고 옛날 사진으로 최신 사진을 얻고 만족하고 코스 안하기를 반복하고있음,Wed Mar 18 14:30:40 +0000 2026,1643041098594672640,T4M0🌌,MzziT4,26,0,0,0,https://x.com/MzziT4/status/2034276304745570694,ko,False,2026-03-23 01:10:42,🇰🇷 한국,
2034462734428070317,메이투,@SperoSpera96 아 이건 그거지요 메이투😉😉😉😉,Thu Mar 19 02:51:29 +0000 2026,1741795746410811392,루곰,gomdal_aries03,71,1,0,1,https://x.com/gomdal_aries03/status/2034462734428070317,ko,False,2026-03-23 01:10:42,🇰🇷 한국,
2034463872237936818,메이투,@cloud_bingsu 다른분들은 메이투.. 진짜 많이 쓰시는 것 같아서 조만간 저도 찍먹해보려구요😚💗,Thu Mar 19 02:56:00 +0000 2026,1977738188056903680,🍪,otatidjlc,15,1,0,0,https://x.com/otatidjlc/status/2034463872237936818,ko,False,2026-03-23 01:10:42,🇰🇷 한국,
2034466886323487141,메이투,@sei__kaito 메이투 ai 염색기능이에요!,Thu Mar 19 03:07:58 +0000 2026,1554938811335188480,나무,jenwk7,43,0,0,1,https://x.com/jenwk7/status/2034466886323487141,ko,False,2026-03-23 01:10:42,🇰🇷 한국,
2034474616945864955,메이투,@neuk_sosuda 응 잠시만 형아 메이투 키는 중이야!!,Thu Mar 19 03:38:42 +0000 2026,1612360365681278978,배크민,bdbdbd__blue,43,0,0,1,https://x.com/bdbdbd__blue/status/2034474616945864955,ko,False,2026-03-23 01:10:42,🇰🇷 한국,
2034475295420678449,메이투,@sangmu35 메이투 그저 갓...,Thu Mar 19 03:41:23 +0000 2026,1554938811335188480,나무,jenwk7,139,0,0,0,https://x.com/jenwk7/status/2034475295420678449,ko,False,2026-03-23 01:10:42,🇰🇷 한국,
2034559533188854220,메이투,ㅈㅅ합니다 메이투 월정액 끝나서ㅈㅅㅈㅅ,Thu Mar 19 09:16:07 +0000 2026,916545809860063232,둥실(フワリ),masumi_S2,151,0,0,1,https://x.com/masumi_S2/status/2034559533188854220,ko,False,2026-03-23 01:10:42,🇰🇷 한국,
2034579273269555473,메이투,@flyingdragon08 이거는 제머리카락에 색만 입힌거예요! 메이투 짱,Thu Mar 19 10:34:34 +0000 2026,1554938811335188480,나무,jenwk7,27,1,0,1,https://x.com/jenwk7/status/2034579273269555473,ko,False,2026-03-23 01:10:42,🇰🇷 한국,
2034254393273725254,메이투,메이투 머리결 보정,Wed Mar 18 13:03:36 +0000 2026,3166518025,세렌,seren_lolita,1264,2,0,1,https://x.com/seren_lolita/status/2034254393273725254,ko,False,2026-03-23 01:10:42,🇰🇷 한국,
2034619152808423624,메이투,메이투 보정100의 남자를 좋아하는게 이런기분인가…??생각보다 많이 좋네 https://t.co/yJSicr02dk,Thu Mar 19 13:13:02 +0000 2026,1971240577355182080,707,arno707hao,1366,71,3,0,https://x.com/arno707hao/status/2034619152808423624,ko,False,2026-03-23 01:10:42,🇰🇷 한국,https://pbs.twimg.com/media/HDxrU6pbkAAYuVO.jpg
2034857203623239978,메이투,@nl_a_ 메이투,Fri Mar 20 04:58:57 +0000 2026,1560252955122475008,시럽잼,0x100_00,35,0,0,1,https://x.com/0x100_00/status/2034857203623239978,ko,False,2026-03-23 01:10:42,🇰🇷 한국,
2034646934124908935,메이투,본처랑 메이투 돌렸어요..// https://t.co/9pHv93ILHA,Thu Mar 19 15:03:25 +0000 2026,2009485266990632960,シェン,Shen_295,100,5,0,1,https://x.com/Shen_295/status/2034646934124908935,ko,False,2026-03-23 01:10:42,🇰🇷 한국,https://pbs.twimg.com/media/HDyEmj1bkAAzWq6.jpg
2034956117357502841,메이투,사진 보정 욘나게 하는데 진짜 메이투 아랑합니다 외모정병 개심해서 메이투 없이 살수없긔..,Fri Mar 20 11:32:00 +0000 2026,2019087999263506432,지니,Jin1ic,62,1,0,0,https://x.com/Jin1ic/status/2034956117357502841,ko,False,2026-03-23 01:10:42,🇰🇷 한국,
2034917913568952510,메이투,"@llovedelicious 그쳐 메이투 ai 렌즈 넉낌
육안으로 봐도 색 너무 신기하고 예쁘숭🙉",Fri Mar 20 09:00:12 +0000 2026,1981384910314360835,키치숭,mongkitsch,109,0,0,0,https://x.com/mongkitsch/status/2034917913568952510,ko,False,2026-03-23 01:10:42,🇰🇷 한국,
2034858080119529813,메이투,@JeoHa_Cos ㅋ ㅋㅋ ㅋㅋ ㅋㅋ저 메이투 없음 못살ㅇ아요 덕분에 사진으로 사기 많이 칩ㅂ니더,Fri Mar 20 05:02:26 +0000 2026,1978105140646146049,3코페土나기🖤,NYAuAGI,28,0,0,0,https://x.com/NYAuAGI/status/2034858080119529813,ko,False,2026-03-23 01:10:42,🇰🇷 한국,
2034984019805577361,메이투,"#광고 @meitu_kr 
일본여행가면 메이투 버터크림 필터 꼭 사용해보기!! 뽀용하고 너무 귀여워...🧈🫧
버터크림70% + 대비20 추천///

#메이투 #보정 #필터 #버터필터 #사진 #감성 https://t.co/eBQcLoTSNL",Fri Mar 20 13:22:53 +0000 2026,1367083652748742657,𝓂ℯ𝓁𝓁,room7O8,49703,445,68,1,https://x.com/room7O8/status/2034984019805577361,ko,False,2026-03-23 01:10:42,🇰🇷 한국,https://pbs.twimg.com/media/HD2uDLiboAQva5h.jpg
2034816467959783579,메이투,@CGeul13736 저는 추천 받아서 메이투 쓰고 있어요! 편하더라고요...👍,Fri Mar 20 02:17:05 +0000 2026,1692891979158573056,청월리 (상태: 개강❄️),aina28873,39,0,0,1,https://x.com/aina28873/status/2034816467959783579,ko,False,2026-03-23 01:10:42,🇰🇷 한국,
2034661687631265972,메이투,@gudo9k 메이투 후... https://t.co/eBEcMiTHnK,Thu Mar 19 16:02:03 +0000 2026,1856912087756541952,(Sani) Kim,cyanidevirgin,44,0,0,1,https://x.com/cyanidevirgin/status/2034661687631265972,ko,False,2026-03-23 01:10:42,🇰🇷 한국,https://pbs.twimg.com/media/HDySBJHakAEAhRq.jpg
2034648460767674371,메이투,"메이투 어플 사용했습니다! 
https://t.co/zdeohl6DMt",Thu Mar 19 15:09:29 +0000 2026,1989240399555403776,♚,fff3b8_,207,1,0,0,https://x.com/fff3b8_/status/2034648460767674371,ko,False,2026-03-23 01:10:42,🇰🇷 한국,
2031534884578275481,meitu,@ratygal 아웃겨 역시 meitu가 튜닝하기엔 최고봉이죠,Wed Mar 11 00:57:15 +0000 2026,1981580887767887872,게미,gemichinom,10,1,0,1,https://x.com/gemichinom/status/2031534884578275481,ko,False,2026-03-23 01:10:28,🇰🇷 한국,
2034659535080833088,meitu,"@perry0126 감사합니다. ㅎㅎ
meitu 유료회원입니다✌️
성우님도 오늘 하루 수고하셨어요❕",Thu Mar 19 15:53:29 +0000 2026,1991474709138186240,桐葉ののは,Kiriha_Nonoha,57,1,0,1,https://x.com/Kiriha_Nonoha/status/2034659535080833088,ko,False,2026-03-23 01:10:28,🇰🇷 한국,
2033915125581873474,meitu,"제가 PC를 잘 못 다루기도 하고 사진은 찍으면 바로바로 업로드하고 싶어서 폰으로 보정하고 있오요
색감은 사진마다 다르게 잡는 편이고 앱은 주로 Meitu로 1차 보정한 뒤 아이폰 사진 앱에서 이리저리 색감 조정합니다ㅏ• ᴗ •  https://t.co/YRAKgFSuFT",Tue Mar 17 14:35:28 +0000 2026,1836759567004557312,"jeong,,",020312psh,355,2,0,0,https://x.com/020312psh/status/2033915125581873474,ko,False,2026-03-23 01:10:28,🇰🇷 한국,
2033163788841869587,meitu,"#광고 @meitu_kr
메이투 적극 지지자로서 이거 된다
버터크림 필터 이거 봄에 무조건 된다...🧈 https://t.co/7H8lAGnLwr",Sun Mar 15 12:49:56 +0000 2026,1853022977241260032,커몽이,cosmongtics,1673,15,2,0,https://x.com/cosmongtics/status/2033163788841869587,ko,False,2026-03-23 01:10:28,🇰🇷 한국,https://pbs.twimg.com/media/HDc_r_qagAEzXgC.jpg
2033148126048157719,meitu,"#광고 @meitu_kr 
평소에 너무나 애용하는 필수어플
메이투에서 너무너무 예쁜 
‘버터크림’ 필터가 새로 나왔어요🥐🍦
햇살같고 봄느낌에 잘 어울리는
제가 좋아하는 색감이라서 
다들 써보셨으면 좋겠어요🤍
사용법:메이투 앱-사진-필터-버터크림
#메이투 #보정 #필터 #버터필터 #사진 #감성 https://t.co/eyNBog6BzT",Sun Mar 15 11:47:41 +0000 2026,1861917989219807232,seashellclean,seashellclean,1308,16,4,0,https://x.com/seashellclean/status/2033148126048157719,ko,False,2026-03-23 01:10:28,🇰🇷 한국,https://pbs.twimg.com/media/HDcxXpsakAA5YI8.jpg
2032664623489626489,meitu,"요새 다이어트 방법을 바꿧더니 턱선이 생겻어요…// 제가 선택한 다이어트 방법은 바로…
.
.
.
“Meitu” https://t.co/w8QUzFkqEY",Sat Mar 14 03:46:25 +0000 2026,1669019448190328832,욘기,musicmujikmusik,601,8,0,0,https://x.com/musicmujikmusik/status/2032664623489626489,ko,False,2026-03-23 01:10:28,🇰🇷 한국,https://pbs.twimg.com/media/HDV5s2qaMAYkcLb.jpg
2032404885736718454,meitu,"#광고 @meitu_kr 
 
봄맞이 뽀용한 버터크림 필터 적용법 ♡
 
메이투 앱 -&gt; 사진 -&gt; 필터 -&gt; 버터크림(약간 노란끼 도는 거예요!) https://t.co/tf29xBfZIU",Fri Mar 13 10:34:19 +0000 2026,1506664920204865539,미래,miraebabo,46293,312,29,1,https://x.com/miraebabo/status/2032404885736718454,ko,False,2026-03-23 01:10:28,🇰🇷 한국,https://pbs.twimg.com/media/HDSNd22bcAAn9CP.jpg
2035165652533780847,meitu,"댐 무슨 앱인지 말을 안 했네
meitu 입니당🩷 광고아니고
내가 봐도 맘에 들어서 올림 (당당)",Sat Mar 21 01:24:37 +0000 2026,2012845155506855936,물복갱,chokchok_pv,124,1,0,1,https://x.com/chokchok_pv/status/2035165652533780847,ko,False,2026-03-23 01:10:28,🇰🇷 한국,
2032400420321300780,meitu,"#광고 @meitu_kr 
개쩌는 필터 레시피를 가져왔어요. 🧈메이투 버터크림 필터!
디카에서 기대하는 빈티지하면서 감성적인 느낌을 만들어주는 필터에요

👇🏻이런 사진 찍는 방법👇🏻
메이투 앱 접속 &gt; 사진 클릭 &gt; 필터 : 버터크림 검색! 

개인적으로 강도 70% 정도가 가장 핀터걸st 구현 가능했어요 https://t.co/VVad53mHbu",Fri Mar 13 10:16:35 +0000 2026,1984081695977701376,블랑,blangblangshu,5319,16,7,1,https://x.com/blangblangshu/status/2032400420321300780,ko,False,2026-03-23 01:10:28,🇰🇷 한국,https://pbs.twimg.com/media/HDSJZ-3aQAAU6ip.jpg
2032395372149236218,meitu,"#광고 #메이투 @meitu_korea 
너무 예쁜 메이투 버터 필터…..🧈💕
사진을 분위기 있게 바꿔줌 🥹 https://t.co/dimsWCDJNR",Fri Mar 13 09:56:31 +0000 2026,1801927615500214272,후우,mindlereeee,3646,39,10,1,https://x.com/mindlereeee/status/2032395372149236218,ko,False,2026-03-23 01:10:28,🇰🇷 한국,https://pbs.twimg.com/media/HDSEz5Oa8AA_rI9.jpg
2032354929814425790,meitu,"#광고 @meitu_kr 

다가오는 봄에 찰떡인 메이투 필터를 찾았습니다 . . 🧈🍦🫧

#메이투 에서 요즘 유행하는 #버터필터 인데 진짜 제가 계속 찾던 따뜻한 #감성 이에요 ✨💕

사용 방법은 메이투 앱 - 사진 - 필터 - 버터크림 (약간 노란끼 도는) 강도는 70%!

*왼쪽 상단 색상 보정까지 하면 더 감성 UP!할 수 있답니다 :)

#보정 하실 때 느좋 + 따뜻한 색감의 감성 #필터 를 찾으시는 분들께 강추🌟드립니다 .ᐟ 
봄에 어울리는 #사진 얻기 가능!!🌸💕",Fri Mar 13 07:15:49 +0000 2026,1852559543089414144,ondo,0ndoliy,6299,75,15,0,https://x.com/0ndoliy/status/2032354929814425790,ko,False,2026-03-23 01:10:28,🇰🇷 한국,https://pbs.twimg.com/media/HDRgCSgbUAAsPKk.jpg
2031289614623977621,meitu,@antchicx meitu 요,Tue Mar 10 08:42:38 +0000 2026,1736927898777632768,주영,pu_ju_,66,0,0,0,https://x.com/pu_ju_/status/2031289614623977621,ko,False,2026-03-23 01:10:28,🇰🇷 한국,
2031532918938673248,meitu,"@nomorearc 아개웃겨
Meitu 튜닝 거쳐야 진짜얼굴이죠",Wed Mar 11 00:49:26 +0000 2026,1475432602429706243,pepper,ratygal,26,1,0,1,https://x.com/ratygal/status/2031532918938673248,ko,False,2026-03-23 01:10:28,🇰🇷 한국,
2031372627118625010,meitu,@suuuruwu Meitu 치고는 퀄리티 높지 않아!?,Tue Mar 10 14:12:30 +0000 2026,2023037356740431873,milk,milksugar_c2,21,1,0,1,https://x.com/milksugar_c2/status/2031372627118625010,ko,False,2026-03-23 01:10:28,🇰🇷 한국,
2031316252103508308,meitu,@milksuger_c2 Meitu라는 어플을 써요!,Tue Mar 10 10:28:29 +0000 2026,1970810104996868096,수아,suuuruwu,32,0,0,1,https://x.com/suuuruwu/status/2031316252103508308,ko,False,2026-03-23 01:10:28,🇰🇷 한국,
2031315804265070916,meitu,"요즘 아이돌 사이에서 유행하는 #고노출 셀카!
#아이폰XS 없어도 괜찮아!
#메이투 무료 AI 필터로 100% 재현 ✨ https://t.co/VWQQoThHkF",Tue Mar 10 10:26:42 +0000 2026,998523884423995400,Meitu 메이투 (official),meitu_kr,371,0,0,0,https://x.com/meitu_kr/status/2031315804265070916,ko,False,2026-03-23 01:10:28,🇰🇷 한국,
2030971683327328555,meitu,#메이투 ⇾사진 ⇾필터 ⇾ #FUJI플래쉬 https://t.co/ymSyu4nKvh,Mon Mar 09 11:39:17 +0000 2026,998523884423995400,Meitu 메이투 (official),meitu_kr,290,0,0,0,https://x.com/meitu_kr/status/2030971683327328555,ko,False,2026-03-23 01:10:28,🇰🇷 한국,https://pbs.twimg.com/media/HC91-mhaIAAteai.jpg
2030971355894821331,meitu,#후지 필터 + #플래시 합쳐진 필터 처음이죠?~ ⭒๋࣭ ⭑⋆ https://t.co/oJgzBpdGlY,Mon Mar 09 11:37:59 +0000 2026,998523884423995400,Meitu 메이투 (official),meitu_kr,352,0,0,0,https://x.com/meitu_kr/status/2030971355894821331,ko,False,2026-03-23 01:10:28,🇰🇷 한국,https://pbs.twimg.com/media/HC91rZ-acAAtBWI.jpg
2029197201814290700,meitu,@namza0909 감사합니다. Meitu라는 나라에서 왓어요,Wed Mar 04 14:08:08 +0000 2026,1955147078646284288,디알이,dr10ve25,10,1,0,0,https://x.com/dr10ve25/status/2029197201814290700,ko,False,2026-03-23 01:10:28,🇰🇷 한국,
2028104620422430929,meitu,"@t0wa_cos meitu ! 나도 쓰고 있어! 좋이요, 똑같아🩷",Sun Mar 01 13:46:36 +0000 2026,1872917670766809088,ｴﾙｼﾞｪﾙ @4/4.5池a!,luc_cyan,29,0,0,0,https://x.com/luc_cyan/status/2028104620422430929,ko,False,2026-03-23 01:10:28,🇰🇷 한국,
2028095014149218542,meitu,@luc_cyan meitu 좋아요🫶🩵,Sun Mar 01 13:08:26 +0000 2026,1935898462689894400,토와とわ,t0wa_cos,53,0,0,1,https://x.com/t0wa_cos/status/2028095014149218542,ko,False,2026-03-23 01:10:28,🇰🇷 한국,
2027298238613913658,meitu,"자꾸 거울 보지마
몸무게 신경 쓰지마
넌 그냥 그대로 너무 예쁜 걸
No Meitu no Meitu ye
No Meitu 일 때 제일 예쁜 너",Fri Feb 27 08:22:20 +0000 2026,1737871180919644160,🍧,zwoodang,204,3,0,0,https://x.com/zwoodang/status/2027298238613913658,ko,False,2026-03-23 01:10:28,🇰🇷 한국,
2035720107473997972,meitu,@dheusks 약간의 meitu,Sun Mar 22 14:07:50 +0000 2026,2002607443298430977,໒꒱,i1ov3ya,12,0,0,1,https://x.com/i1ov3ya/status/2035720107473997972,ko,False,2026-03-23 01:10:28,🇰🇷 한국,
2026561103350870344,뷰티캠,"뷰티캠 vip 쭈음
없이 못 살아",Wed Feb 25 07:33:13 +0000 2026,2001634138743541761,와상,wasang0518,95,0,0,0,https://x.com/wasang0518/status/2026561103350870344,ko,False,2026-03-19 05:20:52,🇰🇷 한국,
2025466709193490923,뷰티캠,"빵또아 스노우볼 굿즈 개시!!!🤍
네..아니구요🫣

뷰티캠 ai 크리스마스 버전으로 잔뜩 만들어봤어요!!!😆
요즘 트리 사냥한다고 바쁜데
뷰티캠 포토샵으로 크리스마스 사진 뚝딱이에요👍🏻
너무 귀여움ㅠㅠㅠㅠ
중간에 귀선 까루도 있는데 왜케 웃긴지ㅋㅋㅋㅋ

@ https://t.co/QMYwAYUOLS",Sun Feb 22 07:04:29 +0000 2026,2009880388236353536,👈👈คลิกโปรไฟล์🍨🍦,bbang___ddoa,143,0,0,0,https://x.com/bbang___ddoa/status/2025466709193490923,ko,False,2026-03-19 05:20:52,🇰🇷 한국,https://pbs.twimg.com/media/HBvnMzHbYAANuPP.jpg
2026561021658411349,뷰티캠,뷰티캠으로 주기적인 다이어트를 하고잇습니다,Wed Feb 25 07:32:53 +0000 2026,2001634138743541761,와상,wasang0518,88,0,0,0,https://x.com/wasang0518/status/2026561021658411349,ko,False,2026-03-19 05:20:52,🇰🇷 한국,
2029485397647253664,뷰티캠,"#광고
요즘 사진은 마음에 드는데 너무 어두우면 뷰티캠 AI 플래시 보정 쓰는데 제법 디카 감성 나와서 마음에 듦.. ^__^
#뷰티캠 #AI글로우 #플래시 https://t.co/EGNENdsTc9",Thu Mar 05 09:13:19 +0000 2026,1563968937284743168,사,_444_com,6200,90,8,0,https://x.com/_444_com/status/2029485397647253664,ko,False,2026-03-19 05:20:52,🇰🇷 한국,https://pbs.twimg.com/media/HCouNglaMAAzq_h.jpg
2025492805020422379,뷰티캠,"•광고
우리 동물 친구들
여친·남친… 솔직히 없잖아🐱🐶
밖에 나갈 수도 없고

그래도 크리스마스 분위기는
냥냥하게 느껴보자 🎄✨
올겨울 크리스마스 사진 한 장,
뷰티캠으로 남겨보자고~~~

🏷️@ https://t.co/0fi9PkSshV",Sun Feb 22 08:48:11 +0000 2026,2012765566931554304,흑당이 • 슈퍼스타,brownsugar_d89,33,0,0,0,https://x.com/brownsugar_d89/status/2025492805020422379,ko,False,2026-03-19 05:20:52,🇰🇷 한국,https://pbs.twimg.com/media/HBv-7x8agAAa3wa.jpg
2025952712463126878,뷰티캠,"뷰티캠 아이폰모드 이놈정말좋습니다...
쌩얼로 영상 찍어두 보정이 적당히들어가서 어색하지않고꽤괜으로나옴",Mon Feb 23 15:15:41 +0000 2026,947880412201730048,🎶,urmyjjelly,94,0,0,0,https://x.com/urmyjjelly/status/2025952712463126878,ko,False,2026-03-19 05:20:52,🇰🇷 한국,
2025082392961319023,뷰티캠,"크리스마스 춘배 모음.zip🎄
임오 삼춘들 몇번이 제일 귀여운가요?!

뷰티캠에서 예쁜 크리스마스 사진 만들어보자🫶🏻
📍 홈 &gt; 포토샵&gt; AI 스타일&gt; 추천/크리스마스

@
.
.
.
. https://t.co/Nkwsn7N1xr",Sat Feb 21 05:37:21 +0000 2026,2019637636168929280,김춘배,chunbae_gram88,116,0,0,0,https://x.com/chunbae_gram88/status/2025082392961319023,ko,False,2026-03-19 05:20:52,🇰🇷 한국,https://pbs.twimg.com/media/HBqJqnubgAo4HWQ.jpg
2025147031426408804,뷰티캠,@iknow_iamcute @pochico__ 뷰티캠 쓰는데 중국어플이라 비추..,Sat Feb 21 09:54:12 +0000 2026,1968556793228840960,다이 +,dadaii444,62,1,0,0,https://x.com/dadaii444/status/2025147031426408804,ko,False,2026-03-19 05:20:52,🇰🇷 한국,
2029811888390078707,뷰티캠,"항서과/뷰티과애들존나무서움 
교수님앞에두고처웃으면서지들끼리수군대고 교수님왕따시키는거같음 
발표시키면목소리는무슨여캠마냥얇쌍하게냄",Fri Mar 06 06:50:40 +0000 2026,1998313479829417986,민준혁,yyexhan,330,2,0,0,https://x.com/yyexhan/status/2029811888390078707,ko,False,2026-03-19 05:20:52,🇰🇷 한국,
2025969344518533441,뷰티캠,뷰티캠 씁니당!! https://t.co/iFWHlu8UbT,Mon Feb 23 16:21:47 +0000 2026,1945162274869796866,리보,ribo927_,329,3,0,0,https://x.com/ribo927_/status/2025969344518533441,ko,False,2026-03-19 05:20:52,🇰🇷 한국,
2030879856830157139,뷰티캠,"빵또아 스노우볼 굿즈 개시!!!🤍
네..아니구요🫣

뷰티캠 ai 크리스마스 버전으로 잔뜩 만들어봤어요!!!😆
요즘 트리 사냥한다고 바쁜데
뷰티캠 포토샵으로 크리스마스 사진 뚝딱이에요👍🏻
너무 귀여움ㅠㅠㅠㅠ
중간에 귀선 까루도 있는데 왜케 웃긴지ㅋㅋㅋㅋ

@ https://t.co/FLgvYQLY2f",Mon Mar 09 05:34:24 +0000 2026,2015862237454626816,빵실♡또아 🍨빵또아네🍦,elena_cox26733,90,0,0,0,https://x.com/elena_cox26733/status/2030879856830157139,ko,False,2026-03-19 05:20:52,🇰🇷 한국,https://pbs.twimg.com/media/HC8ibc_agAAXIxL.jpg
2027695316720619975,뷰티캠,"겨울연가 함자매🐷🐻🧣
첫눈을 기다리며.. 그를 기다려요..❤️❄️
아 외로워..! 올해 첫 눈은 그와 함께 하기를..🙏🏻
⠀⠀⠀⠀⠀⠀⠀⠀⠀⠀⠀⠀⠀⠀⠀
같이 즐겨볼래? 겨울의 아련함과.. 가을 무드✨
뷰티캠에서ㅋ @
⠀⠀⠀⠀⠀⠀⠀⠀⠀⠀⠀⠀⠀⠀⠀ https://t.co/DyQVuuYNB2",Sat Feb 28 10:40:10 +0000 2026,2018248627651588096,함아랑,ZoeCox164265,96,0,0,0,https://x.com/ZoeCox164265/status/2027695316720619975,ko,False,2026-03-19 05:20:52,🇰🇷 한국,https://pbs.twimg.com/media/HCPSGsbbAAAf22D.jpg
2029482297511325872,뷰티캠,"#광고 

핸드폰으로 디카 플래쉬 효과 넣는법!
이 플래쉬 효과 쓰니까 사진이 확 살아남.. 

뷰티캠 다운로드&gt; 홈 &gt; 포토샵 &gt; 리터치 &gt; 글로우 &gt; 플래시
#뷰티캠 #AI글로우 #플래시 https://t.co/FjIiBQzwBz",Thu Mar 05 09:01:00 +0000 2026,1293853701673644032,Chae,decarchive_,334902,969,322,1,https://x.com/decarchive_/status/2029482297511325872,ko,False,2026-03-19 05:20:52,🇰🇷 한국,https://pbs.twimg.com/media/HCorZBibMAA_ILd.jpg
2027811388782219344,뷰티캠,"@frfvfa 메이투도될것같긴한데
카메라 뷰티캠 보정 프리티업 섞어써보샘",Sat Feb 28 18:21:24 +0000 2026,1720381584975765504,밥탱규,xamasote,76,0,0,1,https://x.com/xamasote/status/2027811388782219344,ko,False,2026-03-19 05:20:52,🇰🇷 한국,
2029754224700272808,뷰티캠,"#광고 @beautycam_kr

최신 폰으로 디카 플래시 샷 찍는 법... ❤️ 뷰티캠 AI GLOW Flash 기능을 사용한다!! 다른 앱들은 유료인 경우가 많았는데 뷰티캠에서는 무료로 사용해 볼 수 있어서 넘 좋았어요 칙칙하게 나와서 아쉬운 사진을 넣으면 예쁘게 재탄생한답니다 🪽

#뷰티캠 #AI글로우 #플래시 https://t.co/KJl5d7Vnn2",Fri Mar 06 03:01:32 +0000 2026,1339594484217081857,kiri,kiri_luv_kiti,2387,22,2,1,https://x.com/kiri_luv_kiti/status/2029754224700272808,ko,False,2026-03-19 05:20:52,🇰🇷 한국,https://pbs.twimg.com/media/HCsitQjaUAAIm-q.jpg
2029754683984945161,뷰티캠,"인물뿐만 아니라 사물도 뷰티캠 ai 플래쉬를 돌리면 좀 더 강조되어 보여서 사진 셀렉하고 항상 돌려 보는 것 같아요 🤍 

무료니까 부담없이 시도해 보세요... // https://t.co/SYBZqZfLUC",Fri Mar 06 03:03:22 +0000 2026,1339594484217081857,kiri,kiri_luv_kiti,1443,6,1,0,https://x.com/kiri_luv_kiti/status/2029754683984945161,ko,False,2026-03-19 05:20:52,🇰🇷 한국,https://pbs.twimg.com/media/HCsjH8QakAAm7_V.jpg
2029774720179261885,뷰티캠,"예쁜 꽃다발을 선물 받았으니 축하할 일도 만들어봐야겠다! #광고 *･💐·̩͙ *₊

뷰티캠 &gt; AI글로우 &gt; 플래시 효과로 은근하게 사진 퀄리티 올리기도 성공 …🤍 

#뷰티캠 #플래시 #AI글로우 @beautycam_kr https://t.co/ZjNoq7249I",Fri Mar 06 04:22:59 +0000 2026,922048721944166400,who,whoamyun,2462,14,1,0,https://x.com/whoamyun/status/2029774720179261885,ko,False,2026-03-19 05:20:52,🇰🇷 한국,https://pbs.twimg.com/media/HCs1WPmaUAIebQj.jpg
2029870426164449790,뷰티캠,"#광고  @BeautyCam_kr
어둡고 칙칙한 셀카에 플래시를 켜주심.....뷰티캠 감사합니다 땡큐...✨

#뷰티캠 #AI글로우 #플래시 https://t.co/zVeLuLoB2N",Fri Mar 06 10:43:17 +0000 2026,1501418597377187842,유영,uuuy0ung,2772,48,2,1,https://x.com/uuuy0ung/status/2029870426164449790,ko,False,2026-03-19 05:20:52,🇰🇷 한국,https://pbs.twimg.com/media/HCuMZDSaUAUOqKx.jpg
2030419258027434138,뷰티캠,"@gentle_savege 소다나 뷰티캠 다운받는다
유료결제 과감하게 한다
셀카모드로 해놓고 설정값 원하는대로 조정한다
끝!
한번해바염☺️",Sat Mar 07 23:04:09 +0000 2026,1987225406139998209,CD채윤,yoonie2026,58,1,0,1,https://x.com/yoonie2026/status/2030419258027434138,ko,False,2026-03-19 05:20:52,🇰🇷 한국,
2030533402647245250,뷰티캠,"•광고
우리 동물 친구들
여친·남친… 솔직히 없잖아🐱🐶
밖에 나갈 수도 없고

그래도 크리스마스 분위기는
냥냥하게 느껴보자 🎄✨
올겨울 크리스마스 사진 한 장,
뷰티캠으로 남겨보자고~~~

🏷️@ https://t.co/2eqtmd5vB2",Sun Mar 08 06:37:43 +0000 2026,2024034969866432513,흑당이 • 슈퍼스타,brownsugar_d425,28,0,0,0,https://x.com/brownsugar_d425/status/2030533402647245250,ko,False,2026-03-19 05:20:52,🇰🇷 한국,https://pbs.twimg.com/media/HC3nVJVakAAxYXd.jpg
2031139421588959317,뷰티캠,"벌써 크리스마스 2주 전이라니!!
너무 너무 설레요🥹💝
뷰티캠 AI필터로 크리스마스 분위기 낭낭하게 즐기는 중🎄🎅🏻
🎁@ https://t.co/FdZuLsPYe7",Mon Mar 09 22:45:49 +0000 2026,2015304513595346944,꼬질꼬질 버찌🍒,CharlotteW76242,32,0,0,0,https://x.com/CharlotteW76242/status/2031139421588959317,ko,False,2026-03-19 05:20:52,🇰🇷 한국,https://pbs.twimg.com/media/HDAOgFfbQAAZQWT.jpg
2031218641795195269,뷰티캠,"(3)

알려드림

-----

기본캠 필터 선명하게(차가운톤)

이 사진은 기본캠 선명하게 

이런 색감의 필터는 plain2 ,plain3 입니당 어플인데 저는 어플 쓸때 보정강도? 뷰티세기 이런건 쓴다면 10~12 정도가 자연스러워요 
매일쓰는건 다르지만 최근 자주 쓰는거 알려드림 다들 예쁜 사진 찍으세용 📸🎆",Tue Mar 10 04:00:37 +0000 2026,2803255249,ケンム ピャンムキット,prawan263,36,0,0,0,https://x.com/prawan263/status/2031218641795195269,ko,False,2026-03-19 05:20:52,🇰🇷 한국,https://pbs.twimg.com/media/HDBWj_8aMAIgZcf.jpg
2033156070139744547,메이투,"#광고

봄이 다가와서 따뜻한 색감의 필터를 찾았는데 드디어 찾음 ￼😚…
#메이투 앱에서 #사진 👉🏻 #필터 👉🏻 버터크림 70%‼️
✅ 약간 노란끼도는 걸로
#버터필터 로 나오는 색감 최고 . . . ‼️🧈💓 https://t.co/uf8ao8qEUJ",Sun Mar 15 12:19:15 +0000 2026,1415684350016819211,𝘔𝘪𝘯,L0yaV2,4289,36,6,0,https://x.com/L0yaV2/status/2033156070139744547,ko,False,2026-03-19 05:20:21,🇰🇷 한국,https://pbs.twimg.com/media/HDc4qkGbMAAQAqB.jpg
2033508463335371261,메이투,ㅋㅋㅋㅋㅋㅋㅋㅋㅋ아 저거 메이투 유료 스티커래.... 장릉혁 귀여워서 어쩌지 진짜ㅠㅠㅠㅠㅠㅠ https://t.co/yG2YuDXvTe,Mon Mar 16 11:39:33 +0000 2026,1437356779415867395,wei,_walnutzz_,219,2,1,0,https://x.com/_walnutzz_/status/2033508463335371261,ko,False,2026-03-19 05:20:21,🇰🇷 한국,https://pbs.twimg.com/media/HDh5BfUasAEVc47.jpg
2033466653128949949,메이투,@LJW_1121 최고의 성형외과 의사 메이투,Mon Mar 16 08:53:24 +0000 2026,254333445,신기루,Sinkiroo2,62,0,0,1,https://x.com/Sinkiroo2/status/2033466653128949949,ko,False,2026-03-19 05:20:21,🇰🇷 한국,
2033785443695923225,메이투,@dalllto 나 그래서 방금 b612 구독 끊고 메이투 연간플랜 구독했어!! 캬캬캬~,Tue Mar 17 06:00:10 +0000 2026,2026828093026115584,지은 ᶻ,jieun_cos,39,0,0,1,https://x.com/jieun_cos/status/2033785443695923225,ko,False,2026-03-19 05:20:21,🇰🇷 한국,
2033587127154577849,메이투,@doithomeworknow 메이투 쓰다가 클튜로 넘어와서 그냥 직접 그려요,Mon Mar 16 16:52:07 +0000 2026,1593577283977039872,화향,lN_cense,19,0,0,0,https://x.com/lN_cense/status/2033587127154577849,ko,False,2026-03-19 05:20:21,🇰🇷 한국,
2033411397837852756,메이투,"헐 대박 신기 속눈썹 짝짝이인게 거슬려서 오른쪽이랑 맞춰서 보정했어요 메이투 지우개-복구기능으로 맘에드는부분 복붙하면 뚝딱 완성됨;;
다시 #motd
렌즈-렌블링 빅퓨어블 오션블루
아이섀도우-루미르 썸머나잇
블러셔-캔메이크 큐피드핑크
하이라이터-rmt 12호
립-엔트로피 튀튀+글맆 츄이버블 https://t.co/IlbxCT9G9q",Mon Mar 16 05:13:50 +0000 2026,1861917989219807232,seashellclean,seashellclean,1719,18,3,2,https://x.com/seashellclean/status/2033411397837852756,ko,False,2026-03-19 05:20:21,🇰🇷 한국,https://pbs.twimg.com/media/HDgg4rcasAAiTfq.jpg
2033812024808112459,메이투,이번에 롯월가서 재미나게 찍으려고 접은 길이 30cm 다 펼치면 150cm인 셀카봉겸 삼각대를 샀답니다 블루투스 오예~ 카메라 소다 메이투 다 되는데 틱톡은 블투가 안되는 안타까움... ㅠㅠ 셀카봉 전용 조명도 들고가니까 우리 닉주디 친구들 기깔나게 함께 할 준비 완료,Tue Mar 17 07:45:47 +0000 2026,1982425280674484224,아이(あい) 4/4일 오란고교 하니 롯월(w. 팀코),honey_bear_520,71,1,0,1,https://x.com/honey_bear_520/status/2033812024808112459,ko,False,2026-03-19 05:20:21,🇰🇷 한국,
2033563138633896171,메이투,메이투 메이크업탭에서 아무거나누르면저렇게되는데,Mon Mar 16 15:16:48 +0000 2026,1987489230583717888,slow읍읍이,yeosangyeosangy,120,2,0,0,https://x.com/yeosangyeosangy/status/2033563138633896171,ko,False,2026-03-19 05:20:21,🇰🇷 한국,
2033541894282825864,메이투,@Yungho_oxo 아 황당이라는 단어가 왜 이렇게 웃기지 저 이러려고 메이투 구독했습니다만? 제 5시간 시급으로요,Mon Mar 16 13:52:23 +0000 2026,1970148584029904896,Asxce,asxce012,14,0,0,1,https://x.com/asxce012/status/2033541894282825864,ko,False,2026-03-19 05:20:21,🇰🇷 한국,
2033512818906206310,메이투,ㅋ...쿠ㅜ 저 메이투 1년 충동구매햇어요!!!...,Mon Mar 16 11:56:51 +0000 2026,1962141716347310080,파도,pado_cos,60,4,0,0,https://x.com/pado_cos/status/2033512818906206310,ko,False,2026-03-19 05:20:21,🇰🇷 한국,
2033224370051747875,메이투,메이투로 100 100 100 보정해도 이정도 안나옴 https://t.co/8ksVWdVR3I,Sun Mar 15 16:50:39 +0000 2026,1991109433611726848,윙디디,Wing_Dddd,944,29,2,0,https://x.com/Wing_Dddd/status/2033224370051747875,ko,False,2026-03-19 05:20:21,🇰🇷 한국,https://pbs.twimg.com/media/HDd2yZVbYAAKGcG.jpg
2033763262060498958,메이투,@Gguggudiary 혹시 메이투 써보셨나요?,Tue Mar 17 04:32:01 +0000 2026,937158760077733888,지이,Acquaintances04,45,0,0,1,https://x.com/Acquaintances04/status/2033763262060498958,ko,False,2026-03-19 05:20:21,🇰🇷 한국,
2033736315322470802,메이투,"멋쨍님 너무 귀여워 너무 조아
너무 아름댜워 ₍ᐢ,,- -,,ᐢ₎

어제 메이투 딸깍하고
사진보면서 혼자 박수치고 
저 퍼컬 우디님입니다 
이상한 소리 카톡에 그냥 갈겨버림 https://t.co/kn4GOofl3i",Tue Mar 17 02:44:57 +0000 2026,616081009,끼미2(유산균),walwal_kimy,120,6,1,0,https://x.com/walwal_kimy/status/2033736315322470802,ko,False,2026-03-19 05:20:21,🇰🇷 한국,https://pbs.twimg.com/media/HDlIZgmbEAAE-bh.jpg
2033773091051147369,메이투,"메이투 결제하는 게 맞겠죠..?🥹
하 b612에 익숙한 사람인데 잘 적응할지….",Tue Mar 17 05:11:05 +0000 2026,2026828093026115584,지은 ᶻ,jieun_cos,203,5,0,1,https://x.com/jieun_cos/status/2033773091051147369,ko,False,2026-03-19 05:20:21,🇰🇷 한국,
2033451377838743929,메이투,쇼미더머니 니네가 인가음중뮤뱅 홈마도 아니고 메이투 피부결 보정 매끈하게 100을 왜 하는데 https://t.co/mFREfIVJhI,Mon Mar 16 07:52:42 +0000 2026,2012929712478367745,p!n,angeinlife,24034,291,51,0,https://x.com/angeinlife/status/2033451377838743929,ko,False,2026-03-19 05:20:21,🇰🇷 한국,https://pbs.twimg.com/media/HDhFPt7aYAAVgeq.jpg
2033171417811058709,메이투,"@OVSMSOCO 나는 메이투 사라지면
코스 접으려고,,,",Sun Mar 15 13:20:15 +0000 2026,772823101071429632,시에나트,syenart,39,0,0,1,https://x.com/syenart/status/2033171417811058709,ko,False,2026-03-19 05:20:21,🇰🇷 한국,
2033426003683684656,메이투,"메이투 염색 아니고 진짜?………
훔월1629378383년연장 https://t.co/TrA3OSiOTp",Mon Mar 16 06:11:53 +0000 2026,1903432869038755840,𝑱𝒊𝒏,629Hero,71,1,0,0,https://x.com/629Hero/status/2033426003683684656,ko,False,2026-03-19 05:20:21,🇰🇷 한국,https://pbs.twimg.com/media/HDguK2GbcAAevai.jpg
2033168830256873730,메이투,친구가 여행사진 갤럭시 울트라 기카로 다 찍어놔서 내 꼴을 차마 눈 뜨고 볼 수가 없어 아 메이투 쓰자,Sun Mar 15 13:09:58 +0000 2026,873087892825849856,bambi,flying_bambi,83,0,0,0,https://x.com/flying_bambi/status/2033168830256873730,ko,False,2026-03-19 05:20:21,🇰🇷 한국,
2033404492197359990,메이투,진심 메이투 100때린 얼굴..거짓말같다 https://t.co/hv7PFD47eo,Mon Mar 16 04:46:24 +0000 2026,1857473764562493440,푸짐삔,bbinnnnn_,1812,109,6,0,https://x.com/bbinnnnn_/status/2033404492197359990,ko,False,2026-03-19 05:20:21,🇰🇷 한국,https://pbs.twimg.com/media/HDgamyma8AEcgLL.jpg
2033371097203417269,메이투,굳세어라 픽스아트 유저 메이투 깔고 광명찾다... 화질안깨지고 이렇게 디테일한보정이 가능하다니 #몰랐어 왜이제알게됐을꼬... https://t.co/GZccK2j0d5,Mon Mar 16 02:33:42 +0000 2026,1843207549555974144,소금,tooooomuchsun,215,3,0,0,https://x.com/tooooomuchsun/status/2033371097203417269,ko,False,2026-03-19 05:20:21,🇰🇷 한국,https://pbs.twimg.com/media/HDf8PMsbIAAjlV3.jpg
2033244489662583033,메이투,"메이투 겨울 필터 가볍게 압살
에이아이가 인간 지배 못 하는 이유",Sun Mar 15 18:10:36 +0000 2026,1934258729337376768,미고,meegorengi,524,2,0,0,https://x.com/meegorengi/status/2033244489662583033,ko,False,2026-03-19 05:20:21,🇰🇷 한국,
2033817524777980208,메이투,"@hwaganandajonna 메이투: 감사합니다
이비스: 감사합니다",Tue Mar 17 08:07:39 +0000 2026,1854947091900252160,Fate/ian night,ianbbyong,24,0,0,1,https://x.com/ianbbyong/status/2033817524777980208,ko,False,2026-03-19 05:20:21,🇰🇷 한국,
2033828162141098050,메이투,@cherrypotato26 @Botsu10383 @subak060708 “메이투”,Tue Mar 17 08:49:55 +0000 2026,1764307073108770816,스미 3서코 토,pils_f,24,1,0,1,https://x.com/pils_f/status/2033828162141098050,ko,False,2026-03-19 05:20:21,🇰🇷 한국,
2034479990679749080,메이투,이거할라구 메이투 결제함. https://t.co/8zCXdgIhrt,Thu Mar 19 04:00:03 +0000 2026,2030178228846100480,ℝ𝕚𝕒⪩⪨,aishikainai,21,4,0,0,https://x.com/aishikainai/status/2034479990679749080,ko,False,2026-03-19 05:20:21,🇰🇷 한국,https://pbs.twimg.com/media/HDvsxQoaMAAvzIT.jpg
2034477896438616104,메이투,"요즘 유행하는 버터 필터인데 자연광 필터로 최고 .. 🧈🥞🤍
메이투 앱 - 사진 - 필터 버터크림 
#메이투 #보정 #필터 #버터필터 #사진 #감성 https://t.co/eSRn4an8WO",Thu Mar 19 03:51:43 +0000 2026,2021774057377595392,정말 닉네임이 생각이 안 나네,DurkeeMigd65447,4,0,0,0,https://x.com/DurkeeMigd65447/status/2034477896438616104,ko,False,2026-03-19 05:20:21,🇰🇷 한국,https://pbs.twimg.com/media/HDvq3YMakAAQM-b.jpg
2034049620222029982,메이투,@Kuku_cm 메이투 유료캠 써용!,Tue Mar 17 23:29:54 +0000 2026,2022704574394699778,조양말이 /3부코양일,yangmall313,32,0,0,0,https://x.com/yangmall313/status/2034049620222029982,ko,False,2026-03-19 05:20:21,🇰🇷 한국,
2034043916891394419,메이투,@Kuku_cm Beauty Cam어플이나 메이투 어플써요~,Tue Mar 17 23:07:15 +0000 2026,963376864575176704,에단(5수코 양일),r_il1t02,40,1,0,0,https://x.com/r_il1t02/status/2034043916891394419,ko,False,2026-03-19 05:20:21,🇰🇷 한국,
2034040423468175590,메이투,@Kuku_cm 저.. 메이투..^^ 셀카 매우 사기에여..,Tue Mar 17 22:53:22 +0000 2026,2007996562723733505,미치,KUMAM3_,61,0,0,1,https://x.com/KUMAM3_/status/2034040423468175590,ko,False,2026-03-19 05:20:21,🇰🇷 한국,
2034040257952551034,메이투,@Mr_Gong1 헐랭 메이투 기능인 줄 알았는데 아니었군요 ㅋㅋㅋ,Tue Mar 17 22:52:42 +0000 2026,1529982666690691072,타카,ttttktaka_cos,32,1,0,0,https://x.com/ttttktaka_cos/status/2034040257952551034,ko,False,2026-03-19 05:20:21,🇰🇷 한국,
2033943638166933992,메이투,"코난 메쿠 너무 … 마음에 든다..💜😭
여캐 많이 해야지  ( 메이투 🪄 ) https://t.co/TZB0z0jngC",Tue Mar 17 16:28:46 +0000 2026,1931284774439821313,청운☁️🐉( セイウン / 青雲 ),InuYashaFan_,241,24,1,0,https://x.com/InuYashaFan_/status/2033943638166933992,ko,False,2026-03-19 05:20:21,🇰🇷 한국,https://pbs.twimg.com/media/HDoE9OuakAAWR3z.jpg
2033915064277995656,메이투,"?????전혀 안씀 ㅋㅋㅋㅋㅋㅋㅋㅋㅋㅋㅋㅋㅋㅋ 
1도 안씀 네버 에버 ㅋㅋㅋㅋㅋㅋㅋ

공장에서 간단히 만들어내는 바구니, 솔, 컵 등 뭐 진짜 이런  주변에서 쉽게 구해지는 생활용품은 쓰지만 

마라탕 하이디라오같은 중국음식? 내손으로 1도 안사먹고 
테무알리 아직도 안쓰고 메이투 뭔지도 모르고 쉬인 최근에 이름의 정체만 알았음ㅋㅋㅋㅋㅋ 

비싸도 원하고 갖고싶으면 일제랑 유럽제 산다ㅠㅜㅠㅜ
트이터 안에서 유독 진짜 중국관련 소비 많은게 난 진짜 희한해 ㅋㅋㅋㅋㅋㅋㅋㅋㅋ",Tue Mar 17 14:35:14 +0000 2026,4677497514,D,DOOMdy_D,237,0,0,0,https://x.com/DOOMdy_D/status/2033915064277995656,ko,False,2026-03-19 05:20:21,🇰🇷 한국,
2033926929628467245,메이투,@ppiinneeee 역시미소녀의어머니(메이투)라미감이장난아니시네예,Tue Mar 17 15:22:23 +0000 2026,2032759227295608835,neon,neonriontism,21,1,0,0,https://x.com/neonriontism/status/2033926929628467245,ko,False,2026-03-19 05:20:21,🇰🇷 한국,
2033896144171065411,메이투,"이거진짜미텻다 아니얼굴 머임 메이투 백 먹인얼굴 머임
 https://t.co/noWJGr9oDk",Tue Mar 17 13:20:03 +0000 2026,2030572294666686465,시쿠,wisioniku,19,1,0,0,https://x.com/wisioniku/status/2033896144171065411,ko,False,2026-03-19 05:20:21,🇰🇷 한국,
2033872638674964808,메이투,누거봐도 메이투 떡질인디 뭔,Tue Mar 17 11:46:39 +0000 2026,1313491572231745543,김엘리자베스 녀석,jennyisacow,5911,1,0,0,https://x.com/jennyisacow/status/2033872638674964808,ko,False,2026-03-19 05:20:21,🇰🇷 한국,
2033871751009210621,메이투,걍 나도 메이투 쓸까 이보토 넘 비싸,Tue Mar 17 11:43:07 +0000 2026,1401165857003167748,새아재🦅뱅,manbabaran,234,5,0,0,https://x.com/manbabaran/status/2033871751009210621,ko,False,2026-03-19 05:20:21,🇰🇷 한국,
2034175780729823344,메이투,@Kuku_cm 저는 메이투 쓰고있어요!,Wed Mar 18 07:51:13 +0000 2026,1957405562532155392,sika/메인트 팀코 모집,sika_cos1031,28,0,0,1,https://x.com/sika_cos1031/status/2034175780729823344,ko,False,2026-03-19 05:20:21,🇰🇷 한국,
2033176719914684454,메이투,진짜 메이투 사랑합니다 화질 진짜 짱 조아졋어요 그래서 얼굴이 겁나 하애졋어요,Sun Mar 15 13:41:19 +0000 2026,1794399260756320256,체라 3코페 토,jeongji41873324,189,7,0,0,https://x.com/jeongji41873324/status/2033176719914684454,ko,False,2026-03-19 05:20:21,🇰🇷 한국,
2034301362931151264,메이투,"@kurone_44 아아ㅜㅜ 쿠로님🥹🥹
쿠로님 멘션받고 마음이 편해졌어요...
물론 쿠로님은 본판도 아름다우시겠지만...ㅠㅠ
이제 그냥 편하게 틱톡 메이투 이비스 이보토로 보정 때릴라구요ㅎ
사기죄로 잡혀가면 면회오셔야해요ㅜㅜ
저도 쿠로님 사랑해요....🥹💗",Wed Mar 18 16:10:15 +0000 2026,2004594185270427651,kui,OuOkui,55,1,0,1,https://x.com/OuOkui/status/2034301362931151264,ko,False,2026-03-19 05:20:21,🇰🇷 한국,
2033207024570519873,메이투,@PRXM_XT 이거보고 메이투 들어가다가 카톡와서 까먹고 있던거 생각남,Sun Mar 15 15:41:44 +0000 2026,1978478144194801664,あくん,aha_aaaaaaaa,62,0,0,1,https://x.com/aha_aaaaaaaa/status/2033207024570519873,ko,False,2026-03-19 05:20:21,🇰🇷 한국,
2025117014151545166,meitu,"가끔 편집 앱 뭐 쓰냐고 묻는 사람들이 있어서 생각난 김에 얘기하자면

Photo Edit : Photomator, Meitu
Video Edit : CapCut
(모두 연간 구독으로 Pro 사용

원래 사진 편집은 LightRoom 사용하다 기기들이 다 Apple인 거 보고 아는 작가님이 Photomator 추천해 줘서 바꿨는데 괜찮은 듯 https://t.co/NCWhElmZZT",Sat Feb 21 07:54:55 +0000 2026,1647431718956331008,zeromaki,zeromakii,209,0,0,0,https://x.com/zeromakii/status/2025117014151545166,ko,False,2026-03-19 05:20:06,🇰🇷 한국,https://pbs.twimg.com/media/HBqmqocbgAQZdgm.jpg
2033458637029667147,meitu,안녕하세욧~~! 보정어플은 메이투를 제일 많이사용합니다!! 아니면 그냥 컴퓨터로 포토샵 사용합니다🤍 색보정은 파랑이나 노랑 어디 한곳에 치우치는것보다 그냥 무난하게 하는걸 좋아해서 크게하진않고 밝은캐릭터를 자주하니까 채도만... https://t.co/LogJ5NQHWe,Mon Mar 16 08:21:33 +0000 2026,1178153776638648320,도리,DORI___________,328,1,0,0,https://x.com/DORI___________/status/2033458637029667147,ko,False,2026-03-19 05:20:06,🇰🇷 한국,
2032817163623678069,meitu,강아지가 얘기해서 메이투 열었다가 https://t.co/Wqp7XzS5cC,Sat Mar 14 13:52:34 +0000 2026,1785313910171774976,💯,hi193rt,223,5,0,0,https://x.com/hi193rt/status/2032817163623678069,ko,False,2026-03-19 05:20:06,🇰🇷 한국,
2032813247137824815,meitu,"#광고

다가오는 봄과 따뜻한 무드에 찰떡인 자연광 필터
감성카페 좋아하는분들에게도 너무 추천!!

🧈버터크림
사진 - 편집 - 필터 -버터크림 70%

#메이투 #필터 #보정 #사진 #감성 #버터필터 https://t.co/5Cb1xbxuRn",Sat Mar 14 13:37:00 +0000 2026,1967969435857096704,eonie,eonie_o,2898,4,2,0,https://x.com/eonie_o/status/2032813247137824815,ko,False,2026-03-19 05:20:06,🇰🇷 한국,https://pbs.twimg.com/media/HDYA3z4aMAQ2fRz.jpg
2024652193396379716,meitu,"내 셀카로 모잘라서 내 딸도 Meitu로 깎아줌 
엄마가 미안해 https://t.co/EmzXAXgZ8V",Fri Feb 20 01:07:53 +0000 2026,1920826652566945792,주먹,f1rejoo,202,6,0,1,https://x.com/f1rejoo/status/2024652193396379716,ko,False,2026-03-19 05:20:06,🇰🇷 한국,https://pbs.twimg.com/media/HBkCb9RbUAABDbU.jpg
2025209392430547352,meitu,@micattydev 저 이거 meitu에서 했어요!!,Sat Feb 21 14:02:00 +0000 2026,1935987673786937344,키키냥(にゃん),nyangkiki,38,0,0,1,https://x.com/nyangkiki/status/2025209392430547352,ko,False,2026-03-19 05:20:06,🇰🇷 한국,
2026505538444603504,meitu,"메이투 분철 들어가고 싶습니다!!
연락주세요 아이폰 사용 중입니당
#meitu",Wed Feb 25 03:52:25 +0000 2026,1987211624806309888,에잉,read_1ng,331,0,0,1,https://x.com/read_1ng/status/2026505538444603504,ko,False,2026-03-19 05:20:06,🇰🇷 한국,
2026565344106889677,meitu,"@seeles_1018 재창조 해야함-meitu
가볍게 보정 or 색감쪽 - 포토샵",Wed Feb 25 07:50:04 +0000 2026,2571724466,Lilly-FX,Lilly_FX00,49,0,0,1,https://x.com/Lilly_FX00/status/2026565344106889677,ko,False,2026-03-19 05:20:06,🇰🇷 한국,
2027699240965955952,meitu,"Meitu가 준비한 포장지에 귀여운 산지를 쏙!
AI로 만들어보는 크리스마스 포장지 샷🎄

메이투앱✅ 신규✅ 크리스마스 포장지✅
클릭 한 번으로 댕댕이 사진으로 크리스마스 기분을 낼 수 있어요🎅 https://t.co/IM6db7S1xH",Sat Feb 28 10:55:46 +0000 2026,2010697842705457152,산지,sanji____933,44,0,0,0,https://x.com/sanji____933/status/2027699240965955952,ko,False,2026-03-19 05:20:06,🇰🇷 한국,https://pbs.twimg.com/media/HCPVrcYbEAEzlfL.jpg
2033127949839618218,메이투,@Ny0M4e 냐메님 타바에서 메이투 븨앞사면 싸게할수잇어욤.. 제 팁♡,Sun Mar 15 10:27:31 +0000 2026,1942479447090995200,티티,TAT_cos,38,0,0,1,https://x.com/TAT_cos/status/2033127949839618218,ko,False,2026-03-17 05:47:00,🇰🇷 한국,
2033141228704010311,메이투,"메이투 화질개선 
아주 
좋아요 https://t.co/LM3SDVqNob",Sun Mar 15 11:20:17 +0000 2026,2016510792376717312,타사,tasa0923,360,19,0,0,https://x.com/tasa0923/status/2033141228704010311,ko,False,2026-03-17 05:47:00,🇰🇷 한국,https://pbs.twimg.com/media/HDcrK7WbQAA4Tom.jpg
2033756704039702950,메이투,"메이투 meitu 분철
아이폰 사용합니다 
오늘 결제했어요! 2027.4.17 만료

1인당 16000원입니다
https://t.co/AsqoSsruAy",Tue Mar 17 04:05:58 +0000 2026,1388157449488670723,^^,2PkjnznOUuzA,15,0,0,0,https://x.com/2PkjnznOUuzA/status/2033756704039702950,ko,False,2026-03-17 05:47:00,🇰🇷 한국,
2033542356897857938,메이투,"뭔가미묘하게ai같은ㅇ건…
메이투 햇빛기능 썻더니….저렇게ㅠ되버렸어요",Mon Mar 16 13:54:13 +0000 2026,1965776148907831296,デパ,daepa4444,90,3,0,0,https://x.com/daepa4444/status/2033542356897857938,ko,False,2026-03-17 05:47:00,🇰🇷 한국,
2032475770791333900,메이투,오늘으ㅏ 새벽 작업 메이투는 히구루마 입니다 🚶‍♀️🚶‍♀️ https://t.co/qvPHbdAq23,Fri Mar 13 15:15:59 +0000 2026,1940452557563756544,주,threecofffeee,594,3,0,2,https://x.com/threecofffeee/status/2032475770791333900,ko,False,2026-03-17 05:47:00,🇰🇷 한국,https://pbs.twimg.com/media/HDTN6rQbMAA9RTl.jpg
2032634763874632062,메이투,"핸드폰 바꾸고 메이투 다시깔아서 카메라 키고 너무 놀람...
기본값 세팅 개쩐다...
다시 다 하향 조정 하였어요...너무 다른 사람이라🥹",Sat Mar 14 01:47:46 +0000 2026,1968869671844646912,쭈아🐦‍⬛,cosmetic_JJUA,172,10,0,0,https://x.com/cosmetic_JJUA/status/2032634763874632062,ko,False,2026-03-17 05:47:00,🇰🇷 한국,
2032819139358896360,메이투,@hamstercushion 메이투 돌린 사진 저장하고 저장한 사진 다시 메이투 돌린 모습,Sat Mar 14 14:00:25 +0000 2026,2007383282980401153,두두쥐,dudujeee,29,1,0,0,https://x.com/dudujeee/status/2032819139358896360,ko,False,2026-03-17 05:47:00,🇰🇷 한국,
2032798546001539115,메이투,@Ijugkkv5c6 비법: 메이투 눈크기100 ^^,Sat Mar 14 12:38:35 +0000 2026,1563774346044526592,민똥쿠(ㅋㅋ,xcxz666,21,1,0,1,https://x.com/xcxz666/status/2032798546001539115,ko,False,2026-03-17 05:47:00,🇰🇷 한국,
2032663940493357301,메이투,"요렇게 적용된답니다🤍
#메이투 #보정 #필터 #버터필터 https://t.co/dQDc7BLw26",Sat Mar 14 03:43:43 +0000 2026,993488545988861952,𝒑𝒊𝒂🍏,beloved_cherish,1201,0,0,0,https://x.com/beloved_cherish/status/2032663940493357301,ko,False,2026-03-17 05:47:00,🇰🇷 한국,https://pbs.twimg.com/media/HDV5E7TbAAAoN60.jpg
2032439145822580795,메이투,"요즘 이런 부드러운 느낌의 필터 유행하는데 진짜 예쁜 필터 추천! 따뜻하면서 부드러운 느낌이라 여행 갔을 때 찍은 사진에 적용하니 완전 귀여워짐🤍
🍨 메이투 &gt; 필터 &gt; 버터크림(70%)!!
#광고 #메이투 #보정 #필터 #버터필터 #사진 #감성 https://t.co/jQe5VWq51p",Fri Mar 13 12:50:27 +0000 2026,1967126505768841217,GG,rvrimrvrimrvrim,1806,23,1,0,https://x.com/rvrimrvrimrvrim/status/2032439145822580795,ko,False,2026-03-17 05:47:00,🇰🇷 한국,https://pbs.twimg.com/media/HDSsnRIaQAA3I4K.jpg
2032713846092333357,메이투,"#광고 
 따듯한 봄이 다가온다....♥ 
봄에 걸맞는 버터크림 필터는 어때? 딱 찾던 따스한 감성&gt;_&lt; 

메이투 어플 - 사진 - 필터 - 버터크림 
강도는 70% 강추!!

#메이투 #보정 #필터 #버터필터 #사진 #감성 https://t.co/8jHli6TSG5",Sat Mar 14 07:02:01 +0000 2026,1330274040104235008,Lㅓ드큐ヨi걸,1ueNeila,5435,24,4,0,https://x.com/1ueNeila/status/2032713846092333357,ko,False,2026-03-17 05:47:00,🇰🇷 한국,https://pbs.twimg.com/media/HDWmdg7boAAdeVl.jpg
2033124752005664963,메이투,"#광고

내돈내산으로 프리미엄 쓰고 있는 메이투에서 버터 필터가 나왔네요. . .
요즘 유행하는 감성 따라해 보실 분 🧈🍮

❕메이투 사진 보정에서 '버터크림' 필터 선택 후, 강도 70%, 컬러 보정 기능 ON ! 🤍

#메이투 #보정 #필터 #버터필터 #사진 #감성 https://t.co/Dvw5ZnH3tD",Sun Mar 15 10:14:49 +0000 2026,1953494274143834112,란이,raninclouds,2203,32,2,0,https://x.com/raninclouds/status/2033124752005664963,ko,False,2026-03-17 05:47:00,🇰🇷 한국,https://pbs.twimg.com/media/HDccL0Oa4AAg0Nr.jpg
2032448043761684949,메이투,"@machidang 왤케 갸름하시지 
메이투 좀 켯나",Fri Mar 13 13:25:49 +0000 2026,1396028811087540225,사이버 미리,tokyojipgusuk,104,0,0,1,https://x.com/tokyojipgusuk/status/2032448043761684949,ko,False,2026-03-17 05:47:00,🇰🇷 한국,
2032623309737832705,메이투,아씨 메이투 정기결제 취소할껄,Sat Mar 14 01:02:16 +0000 2026,1839657528457900032,nxmiii,namiiii_1010,223,8,0,0,https://x.com/namiiii_1010/status/2032623309737832705,ko,False,2026-03-17 05:47:00,🇰🇷 한국,
2032820922244280678,메이투,"@_____CHUlove 아니 메이투 미친거가타요
포카 없앨려고했는데 그냥 뿅님 실종사건이 되어버림 https://t.co/cAHz3VlFXO",Sat Mar 14 14:07:30 +0000 2026,1975461437314375681,망,_mangmung0,45,0,0,1,https://x.com/_mangmung0/status/2032820922244280678,ko,False,2026-03-17 05:47:00,🇰🇷 한국,https://pbs.twimg.com/media/HDYH2dUaMAEtWK6.jpg
2032646221660303726,메이투,사람이 어떻게 이렇게 생길 수가 있지?,Sat Mar 14 02:33:18 +0000 2026,2024133822313635840,정하연이랑결혼한여자,yunju0801,83,2,0,0,https://x.com/yunju0801/status/2032646221660303726,ko,False,2026-03-17 05:47:00,🇰🇷 한국,
2032663927524569409,메이투,"#광고 @meitu_kr

메이투에서 봄과 어울리는 따땃한 버터 색감 필터가 .. 🧈
메이투앱에서 사진&gt; 필터&gt; 버터크림 70% ! (약간 노란기도는 걸로)
너무 푸르게 나온 사진 자연스럽게 부드러운 색감으로 만들어줄 때 딱이에요🤍 https://t.co/dBUsp2bT0L",Sat Mar 14 03:43:40 +0000 2026,993488545988861952,𝒑𝒊𝒂🍏,beloved_cherish,4160,27,2,1,https://x.com/beloved_cherish/status/2032663927524569409,ko,False,2026-03-17 05:47:00,🇰🇷 한국,https://pbs.twimg.com/media/HDV5EKjaMAMoOyG.jpg
2032796010662212089,메이투,메이투가 희나를 사럼얼굴로 인식한다!!! https://t.co/zpiaMZkM8P,Sat Mar 14 12:28:31 +0000 2026,1970769535516000257,케이코,oppolling,282,12,0,0,https://x.com/oppolling/status/2032796010662212089,ko,False,2026-03-17 05:47:00,🇰🇷 한국,https://pbs.twimg.com/media/HDXxMw1aMAYItCt.jpg
2032806607319691677,메이투,뭔 메이투 필터 100인 얼굴이 있냐 ㄹㅈㄷ네,Sat Mar 14 13:10:37 +0000 2026,2013415850011959297,수콘,tnltwotnwnd,527,0,0,0,https://x.com/tnltwotnwnd/status/2032806607319691677,ko,False,2026-03-17 05:47:00,🇰🇷 한국,
2032822070988648466,메이투,"오늘 #서코 원신 #유메미즈키 로 다녀왔습니다🩵 아.. 하고싶었던 미즈키 드디어 했다😊

못본 트친들 너무 아쉬워용 ㅠ.ㅠ! 
그러니 내일은 다들 꼭 보기!😖
+메이투 무슨일 0.0 쵝오다 https://t.co/jE4ppvF9qq",Sat Mar 14 14:12:04 +0000 2026,1874813464935645185,임아링,limaring912,2635,54,5,4,https://x.com/limaring912/status/2032822070988648466,ko,False,2026-03-17 05:47:00,🇰🇷 한국,https://pbs.twimg.com/media/HDYI5SUaMAAouXM.jpg
2033091488196997199,메이투,@Ooh_master_ 메이투 ㄱㄱ,Sun Mar 15 08:02:38 +0000 2026,1450691157764104192,민,jerrykwak10,39,0,0,1,https://x.com/jerrykwak10/status/2033091488196997199,ko,False,2026-03-17 05:47:00,🇰🇷 한국,
2032812560228167938,메이투,"#광고
봄이랑 찰떡인 따스한 색감.. 🫧
노란기 살짝 도는 이 분위기, 메이투 버터크림 필터로 완성했어요!
보정 유목민들 여기 눕자.. 진짜 딱 내가 계속 찾던 그 감성임 🧈🍮

📍 사용법: 메이투 사진 보정에서 '버터크림' 필터 선택 후 강도 70% !

#메이투 #보정 #필터 #버터필터 #사진 #감성 https://t.co/93IyTqPtgj",Sat Mar 14 13:34:16 +0000 2026,1378318440180580352,i.ze,ixzxex,3732,32,2,0,https://x.com/ixzxex/status/2032812560228167938,ko,False,2026-03-17 05:47:00,🇰🇷 한국,https://pbs.twimg.com/media/HDYAPu9aMAMkZOi.jpg
2032838778579202215,메이투,"봄에는 웜톤여자가 되고싶어지는거…
뽀용따뜻한 색감보정법 가져옴 

바로  버터 필터인데 진짜 색이 내가 계속 찾던 감성임…

* 메이튜 -사진 -필터 -버터크림필터 적용

#메이투 #보정 #필터 #버터필터 #사진 #감성 https://t.co/jrLjhZolu6",Sat Mar 14 15:18:27 +0000 2026,1651010524073836546,yui,euniioz,3388,44,0,0,https://x.com/euniioz/status/2032838778579202215,ko,False,2026-03-17 05:47:00,🇰🇷 한국,https://pbs.twimg.com/media/HDYYFvqbwAAo3Oe.jpg
2032824451264618890,메이투,@hu___Ya ㅋㅋㅋㅋㅋ 메이투 감기 필터욜,Sat Mar 14 14:21:31 +0000 2026,1121440470586937344,한나🐹,han_na_09,26,0,0,0,https://x.com/han_na_09/status/2032824451264618890,ko,False,2026-03-17 05:47:00,🇰🇷 한국,
2032934961981042827,메이투,메이투 임당  https://t.co/8CvdXWd2MB,Sat Mar 14 21:40:39 +0000 2026,1954455375664889856,우정,ungaeel,427,0,0,0,https://x.com/ungaeel/status/2032934961981042827,ko,False,2026-03-17 05:47:00,🇰🇷 한국,
2032461907446370313,메이투,그런애들특) 마라탕 탕후루 틱톡 메이투 테무 존나좋아함ㅋㅋㅋㅋ,Fri Mar 13 14:20:54 +0000 2026,2017275399366184962,네,yyonnw,884,3,0,0,https://x.com/yyonnw/status/2032461907446370313,ko,False,2026-03-17 05:47:00,🇰🇷 한국,
2022742977106596035,meitu,"메이투 meitu 분철
1년 1인당 11,400원
1/3 2분 구합니다

ios만 가능 / 1인 1기기

https://t.co/An6fQFTYPP",Sat Feb 14 18:41:21 +0000 2026,1730408835511410688,거래 (옾카로 연락),geolae3621,542,0,0,1,https://x.com/geolae3621/status/2022742977106596035,ko,False,2026-03-17 05:46:45,🇰🇷 한국,
2023291907955478701,meitu,"메이투 1년 분철하실 분 구합니다!
최대 3기기라서 1인당 16000원 이예요
Ios이용하시는 분만 와주세요🙇🏻‍♀️
#meitu

https://t.co/SdRLV39bai",Mon Feb 16 07:02:36 +0000 2026,1990962752039583744,sizu,nami_1929393,442,0,0,0,https://x.com/nami_1929393/status/2023291907955478701,ko,False,2026-03-17 05:46:45,🇰🇷 한국,
2023131953667690811,meitu,@uninterferable Meitu 라는앱이 있는데 얘 필터가 기깔나거등요~,Sun Feb 15 20:27:00 +0000 2026,2399967182,누알,NewR_noir,22,0,0,1,https://x.com/NewR_noir/status/2023131953667690811,ko,False,2026-03-17 05:46:45,🇰🇷 한국,
2022554307598733773,meitu,@pupat1977 meitu 어플인데 저는 결제해서 쓰구있어요. 달에 3600원인가 3200원인가해서 1년끊었어요. 😄,Sat Feb 14 06:11:38 +0000 2026,769128362,김 준예,zzjunye,105,1,0,1,https://x.com/zzjunye/status/2022554307598733773,ko,False,2026-03-17 05:46:45,🇰🇷 한국,
2022545156810117204,meitu,@hou_space meitu 이거 결제하면 온갖거 편집 수정 다가능한듯해요. 전 1년짜리 결제해버렷어요 ㅋㅋㅋ,Sat Feb 14 05:35:17 +0000 2026,1358198974050541570,우주♥세아,zzshall,26,0,0,1,https://x.com/zzshall/status/2022545156810117204,ko,False,2026-03-17 05:46:45,🇰🇷 한국,
2033055584984117493,메이투,"엑소 포토이즘 미루고 미루다가 어제 찍음
세훈이랑 준면이 다 까만옷이라 나는 회색옷+하얀배경으로 고름 
✨포즈 추천
세훈 2번에서 어깨에 기댄 느낌
수호 3번에서 볼콕!
✨보정 tip
색감 메이투/얼굴 보정 에픽
-&gt;엑소는 웜톤 나는 쿨톤이라 부분조정으로 맞춰야 하는데 에픽은 색조보정 없음ㅠ https://t.co/LHAzJ6Yb0T",Sun Mar 15 05:39:58 +0000 2026,2007472312434749440,하나🐰,sjhaja522,327,6,0,2,https://x.com/sjhaja522/status/2033055584984117493,ko,False,2026-03-17 05:00:27,🇰🇷 한국,
